id,mclients,mincome,morders,mclient1,mclient2,mclient3,tclients,tincome,torders,tclient1,tclient2,tclient3
1,20,345,10,Foo,Bar,Baz,96,1072,5097,Foo,Bar,Baz
2,62,185,1381,Foo,Bar,Baz,97,2536,1856,Foo,Bar,Baz
3,76,174,518,Foo,Bar,Baz,0,2360,3194,Foo,Bar,Baz
4,5,123,2613,Foo,Bar,Baz,42,3161,3118,Foo,Bar,Baz
5,61,172,316,Foo,Bar,Baz,64,3839,1372,Foo,Bar,Baz
6,95,125,120,Foo,Bar,Baz,40,1426,2814,Foo,Bar,Baz
7,45,134,1456,Foo,Bar,Baz,81,1844,62,Foo,Bar,Baz
8,18,94,2893,Foo,Bar,Baz,36,2574,2394,Foo,Bar,Baz
9,98,114,2000,Foo,Bar,Baz,51,4745,297,Foo,Bar,Baz
10,8,22,457,Foo,Bar,Baz,87,1400,5301,Foo,Bar,Baz
11,83,131,1308,Foo,Bar,Baz,89,1016,3397,Foo,Bar,Baz
12,58,110,711,Foo,Bar,Baz,76,1794,824,Foo,Bar,Baz
13,5,38,797,Foo,Bar,Baz,93,453,2332,Foo,Bar,Baz
14,16,96,275,Foo,Bar,Baz,73,2722,3753,Foo,Bar,Baz
15,96,24,2356,Foo,Bar,Baz,18,1484,410,Foo,Bar,Baz
16,60,50,1375,Foo,Bar,Baz,56,116,3966,Foo,Bar,Baz
17,3,129,1720,Foo,Bar,Baz,54,3580,72,Foo,Bar,Baz
18,56,16,2728,Foo,Bar,Baz,7,3916,3183,Foo,Bar,Baz
19,25,170,2128,Foo,Bar,Baz,93,4971,1813,Foo,Bar,Baz
20,26,136,655,Foo,Bar,Baz,74,1084,4448,Foo,Bar,Baz
21,9,129,2979,Foo,Bar,Baz,8,3271,2708,Foo,Bar,Baz
22,33,19,1669,Foo,Bar,Baz,9,1119,2344,Foo,Bar,Baz
23,24,188,2696,Foo,Bar,Baz,24,2792,4747,Foo,Bar,Baz
24,20,147,1906,Foo,Bar,Baz,7,2442,3928,Foo,Bar,Baz
25,2,87,1966,Foo,Bar,Baz,17,2124,942,Foo,Bar,Baz
26,54,35,2512,Foo,Bar,Baz,88,2033,3873,Foo,Bar,Baz
27,23,188,1102,Foo,Bar,Baz,61,798,1983,Foo,Bar,Baz
28,72,92,265,Foo,Bar,Baz,51,4665,243,Foo,Bar,Baz
29,15,144,48,Foo,Bar,Baz,11,4325,5731,Foo,Bar,Baz
30,94,34,920,Foo,Bar,Baz,42,4176,1235,Foo,Bar,Baz
31,55,89,1434,Foo,Bar,Baz,77,1843,244,Foo,Bar,Baz
32,73,130,2836,Foo,Bar,Baz,6,397,4827,Foo,Bar,Baz
33,48,40,2669,Foo,Bar,Baz,38,1712,3092,Foo,Bar,Baz
34,72,66,1039,Foo,Bar,Baz,78,4203,3438,Foo,Bar,Baz
35,60,151,1801,Foo,Bar,Baz,49,3559,1945,Foo,Bar,Baz
36,58,107,1959,Foo,Bar,Baz,1,550,4465,Foo,Bar,Baz
37,76,171,247,Foo,Bar,Baz,18,628,251,Foo,Bar,Baz
38,8,43,257,Foo,Bar,Baz,29,403,2008,Foo,Bar,Baz
39,55,27,1379,Foo,Bar,Baz,38,3125,858,Foo,Bar,Baz
40,43,80,1366,Foo,Bar,Baz,69,373,549,Foo,Bar,Baz
41,24,147,1481,Foo,Bar,Baz,15,1804,1308,Foo,Bar,Baz
42,99,137,2577,Foo,Bar,Baz,26,4141,4255,Foo,Bar,Baz
43,66,113,201,Foo,Bar,Baz,45,2167,1373,Foo,Bar,Baz
44,51,119,2613,Foo,Bar,Baz,8,2258,3641,Foo,Bar,Baz
45,7,71,2429,Foo,Bar,Baz,100,1863,2008,Foo,Bar,Baz
46,45,159,1978,Foo,Bar,Baz,64,3652,1783,Foo,Bar,Baz
47,97,62,1640,Foo,Bar,Baz,65,2374,1606,Foo,Bar,Baz
48,65,80,2604,Foo,Bar,Baz,53,443,2080,Foo,Bar,Baz
49,36,139,201,Foo,Bar,Baz,71,2567,4967,Foo,Bar,Baz
50,68,156,1982,Foo,Bar,Baz,58,2344,3419,Foo,Bar,Baz
51,87,68,2134,Foo,Bar,Baz,27,1527,528,Foo,Bar,Baz
52,35,8,2799,Foo,Bar,Baz,79,837,1675,Foo,Bar,Baz
53,23,200,673,Foo,Bar,Baz,67,3463,5763,Foo,Bar,Baz
54,77,198,1540,Foo,Bar,Baz,51,4320,5276,Foo,Bar,Baz
55,99,155,1885,Foo,Bar,Baz,87,3280,5603,Foo,Bar,Baz
56,89,65,967,Foo,Bar,Baz,84,587,705,Foo,Bar,Baz
57,60,174,2163,Foo,Bar,Baz,38,1353,3148,Foo,Bar,Baz
58,35,62,2746,Foo,Bar,Baz,48,4078,1586,Foo,Bar,Baz
59,98,149,2982,Foo,Bar,Baz,34,252,948,Foo,Bar,Baz
60,62,61,1182,Foo,Bar,Baz,49,678,2879,Foo,Bar,Baz
61,66,65,595,Foo,Bar,Baz,91,3254,2822,Foo,Bar,Baz
62,52,38,1415,Foo,Bar,Baz,11,2095,1192,Foo,Bar,Baz
63,35,192,1017,Foo,Bar,Baz,56,1075,1706,Foo,Bar,Baz
64,13,106,264,Foo,Bar,Baz,28,4966,5914,Foo,Bar,Baz
65,24,104,2454,Foo,Bar,Baz,89,1298,4631,Foo,Bar,Baz
66,96,142,2818,Foo,Bar,Baz,4,4635,3651,Foo,Bar,Baz
67,72,12,2224,Foo,Bar,Baz,30,516,4379,Foo,Bar,Baz
68,100,75,2701,Foo,Bar,Baz,6,1927,4882,Foo,Bar,Baz
69,4,185,74,Foo,Bar,Baz,33,37,5659,Foo,Bar,Baz
70,27,40,602,Foo,Bar,Baz,68,3642,5237,Foo,Bar,Baz
71,42,155,1067,Foo,Bar,Baz,76,2300,5432,Foo,Bar,Baz
72,28,132,1556,Foo,Bar,Baz,49,1842,967,Foo,Bar,Baz
73,25,177,178,Foo,Bar,Baz,95,2782,3492,Foo,Bar,Baz
74,8,68,1268,Foo,Bar,Baz,21,4468,804,Foo,Bar,Baz
75,80,50,1169,Foo,Bar,Baz,58,4100,4609,Foo,Bar,Baz
76,33,47,2608,Foo,Bar,Baz,94,4646,5500,Foo,Bar,Baz
77,54,26,246,Foo,Bar,Baz,85,3119,2588,Foo,Bar,Baz
78,76,113,2810,Foo,Bar,Baz,23,1473,214,Foo,Bar,Baz
79,98,127,2211,Foo,Bar,Baz,47,88,1580,Foo,Bar,Baz
80,90,166,447,Foo,Bar,Baz,55,686,1555,Foo,Bar,Baz
81,43,68,1791,Foo,Bar,Baz,81,3818,3634,Foo,Bar,Baz
82,85,196,1344,Foo,Bar,Baz,74,1616,2109,Foo,Bar,Baz
83,24,175,246,Foo,Bar,Baz,34,1523,3230,Foo,Bar,Baz
84,67,68,2465,Foo,Bar,Baz,48,2280,3397,Foo,Bar,Baz
85,61,193,2885,Foo,Bar,Baz,24,936,1384,Foo,Bar,Baz
86,23,129,2131,Foo,Bar,Baz,21,4804,2832,Foo,Bar,Baz
87,55,133,431,Foo,Bar,Baz,32,2868,4103,Foo,Bar,Baz
88,21,167,2048,Foo,Bar,Baz,63,2289,4533,Foo,Bar,Baz
89,58,191,1876,Foo,Bar,Baz,70,3881,4418,Foo,Bar,Baz
90,53,82,413,Foo,Bar,Baz,67,3120,5051,Foo,Bar,Baz
91,84,27,229,Foo,Bar,Baz,12,2967,1411,Foo,Bar,Baz
92,24,56,2472,Foo,Bar,Baz,60,2135,1239,Foo,Bar,Baz
93,4,120,1828,Foo,Bar,Baz,78,215,243,Foo,Bar,Baz
94,18,19,1246,Foo,Bar,Baz,68,4043,3117,Foo,Bar,Baz
95,38,162,2736,Foo,Bar,Baz,89,2101,1153,Foo,Bar,Baz
96,28,24,1282,Foo,Bar,Baz,67,1513,4874,Foo,Bar,Baz
97,14,161,1063,Foo,Bar,Baz,73,3678,768,Foo,Bar,Baz
98,9,175,1959,Foo,Bar,Baz,19,2617,5532,Foo,Bar,Baz
99,28,99,983,Foo,Bar,Baz,74,3441,3756,Foo,Bar,Baz
100,18,146,1138,Foo,Bar,Baz,6,3716,427,Foo,Bar,Baz
101,37,14,2562,Foo,Bar,Baz,88,1259,4769,Foo,Bar,Baz
102,71,54,2050,Foo,Bar,Baz,50,740,3188,Foo,Bar,Baz
103,47,78,2695,Foo,Bar,Baz,56,557,1395,Foo,Bar,Baz
104,62,192,2741,Foo,Bar,Baz,82,4041,2260,Foo,Bar,Baz
105,80,123,318,Foo,Bar,Baz,71,208,3992,Foo,Bar,Baz
106,26,129,863,Foo,Bar,Baz,13,4658,3,Foo,Bar,Baz
107,95,38,2348,Foo,Bar,Baz,76,3687,1760,Foo,Bar,Baz
108,33,150,565,Foo,Bar,Baz,56,3327,580,Foo,Bar,Baz
109,2,41,672,Foo,Bar,Baz,37,1131,218,Foo,Bar,Baz
110,93,166,1559,Foo,Bar,Baz,23,3775,3341,Foo,Bar,Baz
111,23,115,1012,Foo,Bar,Baz,11,4013,2135,Foo,Bar,Baz
112,45,109,2464,Foo,Bar,Baz,17,4949,3852,Foo,Bar,Baz
113,78,161,2904,Foo,Bar,Baz,97,391,5450,Foo,Bar,Baz
114,47,89,1259,Foo,Bar,Baz,46,536,5366,Foo,Bar,Baz
115,11,178,1928,Foo,Bar,Baz,66,2229,1248,Foo,Bar,Baz
116,39,154,2789,Foo,Bar,Baz,21,1328,833,Foo,Bar,Baz
117,70,18,389,Foo,Bar,Baz,67,340,2197,Foo,Bar,Baz
118,67,110,2360,Foo,Bar,Baz,98,96,5351,Foo,Bar,Baz
119,60,121,1836,Foo,Bar,Baz,85,3618,5367,Foo,Bar,Baz
120,28,9,2266,Foo,Bar,Baz,37,4222,615,Foo,Bar,Baz
121,19,192,2773,Foo,Bar,Baz,64,3217,4402,Foo,Bar,Baz
122,43,148,2065,Foo,Bar,Baz,97,1585,777,Foo,Bar,Baz
123,52,66,1737,Foo,Bar,Baz,98,1356,1855,Foo,Bar,Baz
124,24,111,1601,Foo,Bar,Baz,42,3432,4646,Foo,Bar,Baz
125,62,168,311,Foo,Bar,Baz,65,628,3895,Foo,Bar,Baz
126,90,28,1473,Foo,Bar,Baz,86,3457,3009,Foo,Bar,Baz
127,53,136,2884,Foo,Bar,Baz,9,4946,3520,Foo,Bar,Baz
128,76,128,1375,Foo,Bar,Baz,37,4306,4664,Foo,Bar,Baz
129,100,2,432,Foo,Bar,Baz,5,1074,2540,Foo,Bar,Baz
130,82,34,867,Foo,Bar,Baz,83,3387,1276,Foo,Bar,Baz
131,95,74,2513,Foo,Bar,Baz,43,3021,5092,Foo,Bar,Baz
132,36,16,2994,Foo,Bar,Baz,93,2333,1309,Foo,Bar,Baz
133,52,89,2918,Foo,Bar,Baz,33,4127,4464,Foo,Bar,Baz
134,42,153,2208,Foo,Bar,Baz,99,3579,486,Foo,Bar,Baz
135,99,7,2734,Foo,Bar,Baz,75,1374,3570,Foo,Bar,Baz
136,32,12,236,Foo,Bar,Baz,3,4336,2456,Foo,Bar,Baz
137,68,81,70,Foo,Bar,Baz,12,3237,490,Foo,Bar,Baz
138,94,46,2081,Foo,Bar,Baz,50,60,5331,Foo,Bar,Baz
139,66,162,801,Foo,Bar,Baz,60,2662,3036,Foo,Bar,Baz
140,70,122,742,Foo,Bar,Baz,49,4368,708,Foo,Bar,Baz
141,86,12,640,Foo,Bar,Baz,73,3836,2671,Foo,Bar,Baz
142,89,76,1814,Foo,Bar,Baz,71,1675,5172,Foo,Bar,Baz
143,15,31,206,Foo,Bar,Baz,67,4316,4561,Foo,Bar,Baz
144,64,174,543,Foo,Bar,Baz,70,4228,2121,Foo,Bar,Baz
145,36,166,72,Foo,Bar,Baz,16,2212,4537,Foo,Bar,Baz
146,27,8,2135,Foo,Bar,Baz,33,1544,5810,Foo,Bar,Baz
147,2,128,331,Foo,Bar,Baz,92,555,2955,Foo,Bar,Baz
148,5,185,461,Foo,Bar,Baz,84,2552,734,Foo,Bar,Baz
149,94,119,1494,Foo,Bar,Baz,30,1641,5161,Foo,Bar,Baz
150,62,48,2167,Foo,Bar,Baz,76,4173,2321,Foo,Bar,Baz
151,34,194,2727,Foo,Bar,Baz,21,1774,1349,Foo,Bar,Baz
152,13,110,1267,Foo,Bar,Baz,95,4858,3563,Foo,Bar,Baz
153,5,196,1232,Foo,Bar,Baz,73,757,3099,Foo,Bar,Baz
154,86,60,1464,Foo,Bar,Baz,18,3130,3205,Foo,Bar,Baz
155,37,21,2869,Foo,Bar,Baz,36,3290,2208,Foo,Bar,Baz
156,68,164,1543,Foo,Bar,Baz,37,1385,993,Foo,Bar,Baz
157,76,88,2937,Foo,Bar,Baz,4,1587,213,Foo,Bar,Baz
158,90,157,2752,Foo,Bar,Baz,45,3236,5729,Foo,Bar,Baz
159,44,91,2918,Foo,Bar,Baz,75,691,5658,Foo,Bar,Baz
160,75,90,368,Foo,Bar,Baz,9,2661,2754,Foo,Bar,Baz
161,71,192,619,Foo,Bar,Baz,28,1622,1004,Foo,Bar,Baz
162,39,166,2431,Foo,Bar,Baz,18,3713,4749,Foo,Bar,Baz
163,11,107,361,Foo,Bar,Baz,1,4995,4063,Foo,Bar,Baz
164,23,81,536,Foo,Bar,Baz,61,749,5469,Foo,Bar,Baz
165,81,118,1638,Foo,Bar,Baz,17,2291,5235,Foo,Bar,Baz
166,9,115,95,Foo,Bar,Baz,77,1368,1632,Foo,Bar,Baz
167,56,93,772,Foo,Bar,Baz,65,84,1924,Foo,Bar,Baz
168,48,200,1708,Foo,Bar,Baz,30,528,5726,Foo,Bar,Baz
169,2,162,2176,Foo,Bar,Baz,26,1429,963,Foo,Bar,Baz
170,21,54,1574,Foo,Bar,Baz,24,2747,4960,Foo,Bar,Baz
171,18,121,2451,Foo,Bar,Baz,80,4896,433,Foo,Bar,Baz
172,89,174,2816,Foo,Bar,Baz,100,264,3634,Foo,Bar,Baz
173,10,131,387,Foo,Bar,Baz,95,4423,4132,Foo,Bar,Baz
174,33,153,2658,Foo,Bar,Baz,47,4211,4995,Foo,Bar,Baz
175,52,147,359,Foo,Bar,Baz,69,4493,5755,Foo,Bar,Baz
176,46,97,459,Foo,Bar,Baz,11,1634,2668,Foo,Bar,Baz
177,61,162,1792,Foo,Bar,Baz,80,755,4804,Foo,Bar,Baz
178,54,74,690,Foo,Bar,Baz,61,47,2709,Foo,Bar,Baz
179,52,81,921,Foo,Bar,Baz,95,4187,3402,Foo,Bar,Baz
180,54,80,286,Foo,Bar,Baz,9,2396,3964,Foo,Bar,Baz
181,16,123,2858,Foo,Bar,Baz,36,4221,5031,Foo,Bar,Baz
182,86,75,647,Foo,Bar,Baz,15,960,4752,Foo,Bar,Baz
183,68,191,1553,Foo,Bar,Baz,4,2253,1526,Foo,Bar,Baz
184,22,118,1089,Foo,Bar,Baz,9,4979,2129,Foo,Bar,Baz
185,72,135,2112,Foo,Bar,Baz,34,4091,1956,Foo,Bar,Baz
186,4,11,1421,Foo,Bar,Baz,40,543,3735,Foo,Bar,Baz
187,91,82,2633,Foo,Bar,Baz,47,1363,3122,Foo,Bar,Baz
188,47,22,2049,Foo,Bar,Baz,38,677,2169,Foo,Bar,Baz
189,94,169,1173,Foo,Bar,Baz,86,3779,3463,Foo,Bar,Baz
190,34,173,2551,Foo,Bar,Baz,21,2055,2780,Foo,Bar,Baz
191,21,113,2417,Foo,Bar,Baz,47,3338,4923,Foo,Bar,Baz
192,65,161,1793,Foo,Bar,Baz,14,400,4468,Foo,Bar,Baz
193,73,139,1981,Foo,Bar,Baz,40,767,1528,Foo,Bar,Baz
194,33,19,2779,Foo,Bar,Baz,49,3333,2986,Foo,Bar,Baz
195,88,41,2329,Foo,Bar,Baz,75,1150,3936,Foo,Bar,Baz
196,54,57,619,Foo,Bar,Baz,57,3059,763,Foo,Bar,Baz
197,42,134,2874,Foo,Bar,Baz,25,4701,4619,Foo,Bar,Baz
198,44,135,101,Foo,Bar,Baz,39,1234,5860,Foo,Bar,Baz
199,1,56,2328,Foo,Bar,Baz,87,3587,488,Foo,Bar,Baz
200,69,156,10,Foo,Bar,Baz,52,1130,5582,Foo,Bar,Baz
201,56,23,1309,Foo,Bar,Baz,64,3981,4820,Foo,Bar,Baz
202,59,18,417,Foo,Bar,Baz,67,3482,922,Foo,Bar,Baz
203,62,56,836,Foo,Bar,Baz,51,1395,3216,Foo,Bar,Baz
204,69,103,929,Foo,Bar,Baz,58,3403,2951,Foo,Bar,Baz
205,48,54,554,Foo,Bar,Baz,13,2693,5917,Foo,Bar,Baz
206,74,199,999,Foo,Bar,Baz,20,887,2971,Foo,Bar,Baz
207,84,33,970,Foo,Bar,Baz,70,37,5620,Foo,Bar,Baz
208,7,134,2939,Foo,Bar,Baz,93,3448,4720,Foo,Bar,Baz
209,98,192,1586,Foo,Bar,Baz,81,934,5680,Foo,Bar,Baz
210,14,181,2726,Foo,Bar,Baz,64,4225,3022,Foo,Bar,Baz
211,17,119,2394,Foo,Bar,Baz,1,843,2683,Foo,Bar,Baz
212,93,197,60,Foo,Bar,Baz,17,154,4710,Foo,Bar,Baz
213,36,25,192,Foo,Bar,Baz,80,185,1773,Foo,Bar,Baz
214,69,95,120,Foo,Bar,Baz,6,3097,4210,Foo,Bar,Baz
215,29,1,688,Foo,Bar,Baz,26,132,839,Foo,Bar,Baz
216,6,139,993,Foo,Bar,Baz,13,4276,3730,Foo,Bar,Baz
217,16,35,42,Foo,Bar,Baz,46,3640,1944,Foo,Bar,Baz
218,16,164,2441,Foo,Bar,Baz,73,1496,3962,Foo,Bar,Baz
219,75,192,1856,Foo,Bar,Baz,51,4954,5900,Foo,Bar,Baz
220,55,116,1590,Foo,Bar,Baz,32,2419,5408,Foo,Bar,Baz
221,1,194,246,Foo,Bar,Baz,95,3551,741,Foo,Bar,Baz
222,56,169,534,Foo,Bar,Baz,99,3292,4822,Foo,Bar,Baz
223,15,38,2082,Foo,Bar,Baz,46,2819,3875,Foo,Bar,Baz
224,68,95,1941,Foo,Bar,Baz,34,4319,2269,Foo,Bar,Baz
225,48,200,2716,Foo,Bar,Baz,47,1624,1808,Foo,Bar,Baz
226,93,134,1175,Foo,Bar,Baz,21,3969,1810,Foo,Bar,Baz
227,89,52,2341,Foo,Bar,Baz,92,2377,3033,Foo,Bar,Baz
228,44,162,1615,Foo,Bar,Baz,73,1325,426,Foo,Bar,Baz
229,97,3,1504,Foo,Bar,Baz,60,203,1670,Foo,Bar,Baz
230,66,151,136,Foo,Bar,Baz,79,963,3521,Foo,Bar,Baz
231,12,117,1625,Foo,Bar,Baz,24,2455,8,Foo,Bar,Baz
232,52,26,2813,Foo,Bar,Baz,23,4185,489,Foo,Bar,Baz
233,25,170,554,Foo,Bar,Baz,45,4446,4444,Foo,Bar,Baz
234,75,173,2462,Foo,Bar,Baz,75,3850,3224,Foo,Bar,Baz
235,20,130,742,Foo,Bar,Baz,82,2587,3441,Foo,Bar,Baz
236,73,23,1109,Foo,Bar,Baz,58,2138,4360,Foo,Bar,Baz
237,49,172,460,Foo,Bar,Baz,96,4737,194,Foo,Bar,Baz
238,4,164,1712,Foo,Bar,Baz,52,2625,3060,Foo,Bar,Baz
239,81,158,1047,Foo,Bar,Baz,50,586,3080,Foo,Bar,Baz
240,46,163,2047,Foo,Bar,Baz,76,671,5875,Foo,Bar,Baz
241,19,144,1438,Foo,Bar,Baz,15,1850,81,Foo,Bar,Baz
242,98,77,441,Foo,Bar,Baz,52,1430,5764,Foo,Bar,Baz
243,38,160,2107,Foo,Bar,Baz,93,825,4585,Foo,Bar,Baz
244,56,170,1630,Foo,Bar,Baz,96,2036,1855,Foo,Bar,Baz
245,67,173,562,Foo,Bar,Baz,58,4527,3973,Foo,Bar,Baz
246,67,161,2795,Foo,Bar,Baz,19,958,5424,Foo,Bar,Baz
247,63,108,2624,Foo,Bar,Baz,9,1311,5585,Foo,Bar,Baz
248,83,7,605,Foo,Bar,Baz,4,3167,5918,Foo,Bar,Baz
249,84,125,2236,Foo,Bar,Baz,92,2455,3385,Foo,Bar,Baz
250,37,99,1480,Foo,Bar,Baz,61,1265,5484,Foo,Bar,Baz
251,38,123,2195,Foo,Bar,Baz,36,585,5325,Foo,Bar,Baz
252,86,118,2482,Foo,Bar,Baz,87,1006,4127,Foo,Bar,Baz
253,93,68,2014,Foo,Bar,Baz,59,4557,4306,Foo,Bar,Baz
254,53,162,1276,Foo,Bar,Baz,83,3405,3199,Foo,Bar,Baz
255,53,13,1423,Foo,Bar,Baz,20,324,395,Foo,Bar,Baz
256,41,67,1730,Foo,Bar,Baz,6,1180,114,Foo,Bar,Baz
257,46,95,2452,Foo,Bar,Baz,3,2374,5010,Foo,Bar,Baz
258,41,66,763,Foo,Bar,Baz,11,2702,3429,Foo,Bar,Baz
259,86,28,344,Foo,Bar,Baz,79,2505,540,Foo,Bar,Baz
260,42,98,955,Foo,Bar,Baz,64,2577,679,Foo,Bar,Baz
261,6,16,900,Foo,Bar,Baz,90,3665,949,Foo,Bar,Baz
262,98,146,1969,Foo,Bar,Baz,3,4961,549,Foo,Bar,Baz
263,95,125,768,Foo,Bar,Baz,88,1761,1169,Foo,Bar,Baz
264,32,186,1454,Foo,Bar,Baz,35,3111,5394,Foo,Bar,Baz
265,72,119,1430,Foo,Bar,Baz,79,3810,3774,Foo,Bar,Baz
266,15,55,1510,Foo,Bar,Baz,69,4349,4610,Foo,Bar,Baz
267,4,9,2564,Foo,Bar,Baz,93,249,3753,Foo,Bar,Baz
268,20,90,1890,Foo,Bar,Baz,74,3546,3968,Foo,Bar,Baz
269,19,18,222,Foo,Bar,Baz,21,1974,1670,Foo,Bar,Baz
270,86,167,611,Foo,Bar,Baz,42,836,833,Foo,Bar,Baz
271,67,53,936,Foo,Bar,Baz,50,4217,3843,Foo,Bar,Baz
272,39,163,1660,Foo,Bar,Baz,36,3825,1752,Foo,Bar,Baz
273,83,43,1052,Foo,Bar,Baz,95,2266,596,Foo,Bar,Baz
274,5,12,42,Foo,Bar,Baz,42,42,2428,Foo,Bar,Baz
275,95,132,290,Foo,Bar,Baz,32,860,3607,Foo,Bar,Baz
276,50,16,1614,Foo,Bar,Baz,52,1793,4569,Foo,Bar,Baz
277,72,174,2838,Foo,Bar,Baz,62,1001,1851,Foo,Bar,Baz
278,58,39,2914,Foo,Bar,Baz,41,2172,3192,Foo,Bar,Baz
279,32,23,2220,Foo,Bar,Baz,57,4960,4487,Foo,Bar,Baz
280,56,98,2073,Foo,Bar,Baz,54,3457,5237,Foo,Bar,Baz
281,95,139,1393,Foo,Bar,Baz,1,3437,2675,Foo,Bar,Baz
282,71,146,1414,Foo,Bar,Baz,94,545,3811,Foo,Bar,Baz
283,41,16,1555,Foo,Bar,Baz,40,4463,3363,Foo,Bar,Baz
284,88,6,407,Foo,Bar,Baz,61,2993,981,Foo,Bar,Baz
285,24,107,2691,Foo,Bar,Baz,76,3951,1009,Foo,Bar,Baz
286,94,29,2978,Foo,Bar,Baz,61,4788,3759,Foo,Bar,Baz
287,29,74,2137,Foo,Bar,Baz,67,4174,1095,Foo,Bar,Baz
288,70,1,2142,Foo,Bar,Baz,79,1324,18,Foo,Bar,Baz
289,35,96,741,Foo,Bar,Baz,73,2489,1187,Foo,Bar,Baz
290,14,103,2482,Foo,Bar,Baz,46,1679,1636,Foo,Bar,Baz
291,12,100,97,Foo,Bar,Baz,43,3902,698,Foo,Bar,Baz
292,41,112,1641,Foo,Bar,Baz,63,1154,2137,Foo,Bar,Baz
293,12,48,1450,Foo,Bar,Baz,49,1639,2185,Foo,Bar,Baz
294,6,24,865,Foo,Bar,Baz,30,663,1867,Foo,Bar,Baz
295,74,98,95,Foo,Bar,Baz,98,4266,1530,Foo,Bar,Baz
296,84,168,2880,Foo,Bar,Baz,28,448,5959,Foo,Bar,Baz
297,21,79,2376,Foo,Bar,Baz,100,11,476,Foo,Bar,Baz
298,79,108,2659,Foo,Bar,Baz,90,4515,5284,Foo,Bar,Baz
299,4,58,1770,Foo,Bar,Baz,1,3995,3927,Foo,Bar,Baz
300,41,98,2598,Foo,Bar,Baz,20,1986,2146,Foo,Bar,Baz
301,64,75,270,Foo,Bar,Baz,32,350,116,Foo,Bar,Baz
302,72,111,2706,Foo,Bar,Baz,51,3212,1769,Foo,Bar,Baz
303,80,60,1257,Foo,Bar,Baz,57,810,3899,Foo,Bar,Baz
304,47,119,1322,Foo,Bar,Baz,26,2617,712,Foo,Bar,Baz
305,77,124,2749,Foo,Bar,Baz,94,3255,4198,Foo,Bar,Baz
306,75,192,1547,Foo,Bar,Baz,89,1671,1505,Foo,Bar,Baz
307,97,135,2937,Foo,Bar,Baz,79,4410,5282,Foo,Bar,Baz
308,49,98,2587,Foo,Bar,Baz,56,4257,48,Foo,Bar,Baz
309,32,31,1461,Foo,Bar,Baz,30,3843,4697,Foo,Bar,Baz
310,28,158,2156,Foo,Bar,Baz,35,4370,3768,Foo,Bar,Baz
311,4,196,1660,Foo,Bar,Baz,9,2714,5286,Foo,Bar,Baz
312,27,171,2855,Foo,Bar,Baz,31,2280,1372,Foo,Bar,Baz
313,100,103,570,Foo,Bar,Baz,28,4915,1579,Foo,Bar,Baz
314,45,11,214,Foo,Bar,Baz,49,2177,2649,Foo,Bar,Baz
315,15,178,261,Foo,Bar,Baz,93,273,2353,Foo,Bar,Baz
316,23,10,260,Foo,Bar,Baz,4,3865,2588,Foo,Bar,Baz
317,39,41,192,Foo,Bar,Baz,9,1964,408,Foo,Bar,Baz
318,45,51,2399,Foo,Bar,Baz,59,4447,3449,Foo,Bar,Baz
319,93,12,2403,Foo,Bar,Baz,84,189,2607,Foo,Bar,Baz
320,74,137,933,Foo,Bar,Baz,82,4454,1596,Foo,Bar,Baz
321,59,154,1880,Foo,Bar,Baz,4,1125,5085,Foo,Bar,Baz
322,4,112,2501,Foo,Bar,Baz,26,4091,3305,Foo,Bar,Baz
323,15,49,2575,Foo,Bar,Baz,44,608,3733,Foo,Bar,Baz
324,71,2,330,Foo,Bar,Baz,54,2765,1270,Foo,Bar,Baz
325,11,137,366,Foo,Bar,Baz,56,4754,5172,Foo,Bar,Baz
326,89,148,2670,Foo,Bar,Baz,41,4874,5264,Foo,Bar,Baz
327,55,170,210,Foo,Bar,Baz,82,3214,1229,Foo,Bar,Baz
328,32,16,2742,Foo,Bar,Baz,56,4766,5649,Foo,Bar,Baz
329,67,55,2329,Foo,Bar,Baz,31,4389,4548,Foo,Bar,Baz
330,60,27,1980,Foo,Bar,Baz,84,2209,5156,Foo,Bar,Baz
331,73,114,2339,Foo,Bar,Baz,76,1752,1795,Foo,Bar,Baz
332,31,130,2599,Foo,Bar,Baz,63,4739,4664,Foo,Bar,Baz
333,31,139,1686,Foo,Bar,Baz,35,421,925,Foo,Bar,Baz
334,53,175,596,Foo,Bar,Baz,32,2563,5694,Foo,Bar,Baz
335,78,48,921,Foo,Bar,Baz,90,2355,5377,Foo,Bar,Baz
336,8,63,1435,Foo,Bar,Baz,29,3676,5123,Foo,Bar,Baz
337,28,167,2144,Foo,Bar,Baz,21,4234,1199,Foo,Bar,Baz
338,74,184,858,Foo,Bar,Baz,69,1765,4659,Foo,Bar,Baz
339,57,161,1021,Foo,Bar,Baz,85,2933,5172,Foo,Bar,Baz
340,60,199,605,Foo,Bar,Baz,51,3077,5896,Foo,Bar,Baz
341,2,141,13,Foo,Bar,Baz,3,1134,2427,Foo,Bar,Baz
342,61,156,2681,Foo,Bar,Baz,94,646,4458,Foo,Bar,Baz
343,88,169,459,Foo,Bar,Baz,83,356,1268,Foo,Bar,Baz
344,1,44,584,Foo,Bar,Baz,32,1049,4006,Foo,Bar,Baz
345,6,168,2896,Foo,Bar,Baz,42,2824,1107,Foo,Bar,Baz
346,2,146,721,Foo,Bar,Baz,75,629,3622,Foo,Bar,Baz
347,24,54,845,Foo,Bar,Baz,37,4914,593,Foo,Bar,Baz
348,46,8,87,Foo,Bar,Baz,52,4789,1515,Foo,Bar,Baz
349,48,198,120,Foo,Bar,Baz,34,75,1070,Foo,Bar,Baz
350,17,67,248,Foo,Bar,Baz,20,103,3201,Foo,Bar,Baz
351,20,145,1020,Foo,Bar,Baz,34,4242,3111,Foo,Bar,Baz
352,6,151,2001,Foo,Bar,Baz,38,1201,155,Foo,Bar,Baz
353,22,179,2749,Foo,Bar,Baz,47,4194,506,Foo,Bar,Baz
354,35,195,594,Foo,Bar,Baz,78,4850,844,Foo,Bar,Baz
355,78,154,2331,Foo,Bar,Baz,93,3967,1426,Foo,Bar,Baz
356,33,116,115,Foo,Bar,Baz,2,3948,5679,Foo,Bar,Baz
357,24,142,264,Foo,Bar,Baz,19,4724,107,Foo,Bar,Baz
358,33,123,2541,Foo,Bar,Baz,74,2180,2655,Foo,Bar,Baz
359,65,132,2857,Foo,Bar,Baz,58,3714,5327,Foo,Bar,Baz
360,92,198,2594,Foo,Bar,Baz,51,4112,4655,Foo,Bar,Baz
361,93,151,1520,Foo,Bar,Baz,58,4389,1811,Foo,Bar,Baz
362,38,46,2196,Foo,Bar,Baz,34,465,1122,Foo,Bar,Baz
363,22,127,2192,Foo,Bar,Baz,14,3851,3319,Foo,Bar,Baz
364,24,89,205,Foo,Bar,Baz,93,4810,2736,Foo,Bar,Baz
365,92,20,2793,Foo,Bar,Baz,67,3028,816,Foo,Bar,Baz
366,100,176,113,Foo,Bar,Baz,4,1205,2696,Foo,Bar,Baz
367,32,153,1640,Foo,Bar,Baz,21,3486,1859,Foo,Bar,Baz
368,19,188,1937,Foo,Bar,Baz,88,2262,2015,Foo,Bar,Baz
369,74,159,971,Foo,Bar,Baz,73,2971,1354,Foo,Bar,Baz
370,90,113,2662,Foo,Bar,Baz,6,1419,1031,Foo,Bar,Baz
371,80,186,2542,Foo,Bar,Baz,39,338,1911,Foo,Bar,Baz
372,76,100,985,Foo,Bar,Baz,77,4105,3781,Foo,Bar,Baz
373,51,68,2343,Foo,Bar,Baz,100,2066,5490,Foo,Bar,Baz
374,67,154,0,Foo,Bar,Baz,21,694,3179,Foo,Bar,Baz
375,78,144,1569,Foo,Bar,Baz,9,153,1786,Foo,Bar,Baz
376,58,36,2238,Foo,Bar,Baz,42,4890,596,Foo,Bar,Baz
377,70,100,722,Foo,Bar,Baz,97,1323,801,Foo,Bar,Baz
378,2,199,2414,Foo,Bar,Baz,46,67,2380,Foo,Bar,Baz
379,3,44,2325,Foo,Bar,Baz,95,4678,2111,Foo,Bar,Baz
380,17,97,842,Foo,Bar,Baz,30,1399,1871,Foo,Bar,Baz
381,19,65,2662,Foo,Bar,Baz,66,170,5581,Foo,Bar,Baz
382,23,190,345,Foo,Bar,Baz,28,3920,5223,Foo,Bar,Baz
383,24,48,2843,Foo,Bar,Baz,69,2601,2027,Foo,Bar,Baz
384,41,44,2411,Foo,Bar,Baz,12,4365,87,Foo,Bar,Baz
385,59,184,940,Foo,Bar,Baz,6,3770,66,Foo,Bar,Baz
386,2,1,2173,Foo,Bar,Baz,61,1567,3453,Foo,Bar,Baz
387,75,160,2526,Foo,Bar,Baz,15,3312,5766,Foo,Bar,Baz
388,84,126,1204,Foo,Bar,Baz,26,3493,174,Foo,Bar,Baz
389,35,124,1714,Foo,Bar,Baz,35,3748,107,Foo,Bar,Baz
390,40,92,2383,Foo,Bar,Baz,74,2026,5092,Foo,Bar,Baz
391,75,123,798,Foo,Bar,Baz,77,2604,4830,Foo,Bar,Baz
392,28,75,233,Foo,Bar,Baz,93,3136,1919,Foo,Bar,Baz
393,78,139,1579,Foo,Bar,Baz,8,2491,214,Foo,Bar,Baz
394,98,50,2990,Foo,Bar,Baz,92,1454,2148,Foo,Bar,Baz
395,52,165,439,Foo,Bar,Baz,86,2946,4655,Foo,Bar,Baz
396,70,159,1371,Foo,Bar,Baz,75,519,1030,Foo,Bar,Baz
397,98,26,103,Foo,Bar,Baz,96,2660,4845,Foo,Bar,Baz
398,85,117,2080,Foo,Bar,Baz,7,1432,514,Foo,Bar,Baz
399,89,147,307,Foo,Bar,Baz,62,2781,3045,Foo,Bar,Baz
400,71,186,1074,Foo,Bar,Baz,68,631,198,Foo,Bar,Baz
401,75,29,1742,Foo,Bar,Baz,13,2851,1545,Foo,Bar,Baz
402,69,132,2849,Foo,Bar,Baz,0,3119,4956,Foo,Bar,Baz
403,47,85,2059,Foo,Bar,Baz,44,4736,3980,Foo,Bar,Baz
404,25,98,1084,Foo,Bar,Baz,13,4917,1035,Foo,Bar,Baz
405,35,86,2850,Foo,Bar,Baz,22,3813,2135,Foo,Bar,Baz
406,25,29,628,Foo,Bar,Baz,53,4890,5766,Foo,Bar,Baz
407,83,134,321,Foo,Bar,Baz,55,4807,1631,Foo,Bar,Baz
408,5,187,572,Foo,Bar,Baz,18,136,2936,Foo,Bar,Baz
409,27,27,41,Foo,Bar,Baz,99,4958,2146,Foo,Bar,Baz
410,87,178,2647,Foo,Bar,Baz,49,4485,3742,Foo,Bar,Baz
411,23,83,1415,Foo,Bar,Baz,49,1536,4808,Foo,Bar,Baz
412,46,93,2704,Foo,Bar,Baz,65,128,1727,Foo,Bar,Baz
413,10,168,2992,Foo,Bar,Baz,78,3404,2964,Foo,Bar,Baz
414,48,131,1257,Foo,Bar,Baz,17,4138,834,Foo,Bar,Baz
415,88,137,2115,Foo,Bar,Baz,78,4493,1814,Foo,Bar,Baz
416,69,152,932,Foo,Bar,Baz,84,2173,3031,Foo,Bar,Baz
417,50,133,430,Foo,Bar,Baz,79,705,4288,Foo,Bar,Baz
418,62,97,1641,Foo,Bar,Baz,94,2805,1579,Foo,Bar,Baz
419,52,77,2136,Foo,Bar,Baz,9,666,3205,Foo,Bar,Baz
420,85,56,2144,Foo,Bar,Baz,13,4453,4396,Foo,Bar,Baz
421,1,190,1023,Foo,Bar,Baz,67,4831,671,Foo,Bar,Baz
422,27,0,2935,Foo,Bar,Baz,87,3271,2034,Foo,Bar,Baz
423,12,132,2378,Foo,Bar,Baz,6,2589,314,Foo,Bar,Baz
424,80,128,2602,Foo,Bar,Baz,75,2322,885,Foo,Bar,Baz
425,24,51,2925,Foo,Bar,Baz,78,4726,4183,Foo,Bar,Baz
426,65,96,2818,Foo,Bar,Baz,92,534,4970,Foo,Bar,Baz
427,49,87,973,Foo,Bar,Baz,49,2841,1916,Foo,Bar,Baz
428,21,77,27,Foo,Bar,Baz,74,2386,3027,Foo,Bar,Baz
429,49,12,1898,Foo,Bar,Baz,99,1966,5484,Foo,Bar,Baz
430,38,33,1280,Foo,Bar,Baz,11,621,4961,Foo,Bar,Baz
431,92,63,1101,Foo,Bar,Baz,41,3017,3225,Foo,Bar,Baz
432,24,42,639,Foo,Bar,Baz,12,4818,1029,Foo,Bar,Baz
433,6,166,1129,Foo,Bar,Baz,11,3740,3917,Foo,Bar,Baz
434,39,148,160,Foo,Bar,Baz,85,2753,1204,Foo,Bar,Baz
435,49,140,1723,Foo,Bar,Baz,25,4735,2064,Foo,Bar,Baz
436,42,52,979,Foo,Bar,Baz,34,2553,52,Foo,Bar,Baz
437,64,178,788,Foo,Bar,Baz,38,2643,970,Foo,Bar,Baz
438,32,74,2044,Foo,Bar,Baz,80,4541,3695,Foo,Bar,Baz
439,48,38,1551,Foo,Bar,Baz,52,2690,2989,Foo,Bar,Baz
440,91,5,830,Foo,Bar,Baz,37,2600,3116,Foo,Bar,Baz
441,18,51,1691,Foo,Bar,Baz,29,4025,1437,Foo,Bar,Baz
442,71,121,2966,Foo,Bar,Baz,0,4227,1796,Foo,Bar,Baz
443,37,98,534,Foo,Bar,Baz,1,2728,4844,Foo,Bar,Baz
444,28,19,1683,Foo,Bar,Baz,7,2429,4402,Foo,Bar,Baz
445,18,52,1223,Foo,Bar,Baz,18,3364,2631,Foo,Bar,Baz
446,24,35,2649,Foo,Bar,Baz,80,2221,657,Foo,Bar,Baz
447,97,171,2615,Foo,Bar,Baz,91,4603,1433,Foo,Bar,Baz
448,69,185,1654,Foo,Bar,Baz,97,4069,919,Foo,Bar,Baz
449,87,133,1289,Foo,Bar,Baz,73,26,2236,Foo,Bar,Baz
450,49,48,1751,Foo,Bar,Baz,0,268,4638,Foo,Bar,Baz
451,53,41,798,Foo,Bar,Baz,10,3522,5315,Foo,Bar,Baz
452,89,122,2313,Foo,Bar,Baz,40,4858,2908,Foo,Bar,Baz
453,76,48,1685,Foo,Bar,Baz,88,3539,672,Foo,Bar,Baz
454,65,173,175,Foo,Bar,Baz,16,1110,5629,Foo,Bar,Baz
455,68,49,1915,Foo,Bar,Baz,14,2179,3794,Foo,Bar,Baz
456,100,99,1609,Foo,Bar,Baz,66,3265,4855,Foo,Bar,Baz
457,30,69,2994,Foo,Bar,Baz,7,1645,4599,Foo,Bar,Baz
458,17,137,2888,Foo,Bar,Baz,64,19,5710,Foo,Bar,Baz
459,20,177,1636,Foo,Bar,Baz,39,650,1881,Foo,Bar,Baz
460,80,81,1891,Foo,Bar,Baz,6,3612,4082,Foo,Bar,Baz
461,55,170,1168,Foo,Bar,Baz,76,640,4671,Foo,Bar,Baz
462,12,39,2738,Foo,Bar,Baz,80,3667,5107,Foo,Bar,Baz
463,3,123,2530,Foo,Bar,Baz,18,3430,5112,Foo,Bar,Baz
464,62,136,2297,Foo,Bar,Baz,88,4381,2587,Foo,Bar,Baz
465,51,188,2899,Foo,Bar,Baz,65,1420,311,Foo,Bar,Baz
466,52,63,1252,Foo,Bar,Baz,43,3164,1176,Foo,Bar,Baz
467,4,188,276,Foo,Bar,Baz,21,1934,2640,Foo,Bar,Baz
468,15,165,687,Foo,Bar,Baz,3,4063,1282,Foo,Bar,Baz
469,84,137,296,Foo,Bar,Baz,23,2704,4872,Foo,Bar,Baz
470,52,25,1828,Foo,Bar,Baz,74,4624,5629,Foo,Bar,Baz
471,5,170,1517,Foo,Bar,Baz,40,1662,4399,Foo,Bar,Baz
472,2,189,1988,Foo,Bar,Baz,53,1729,309,Foo,Bar,Baz
473,23,147,1794,Foo,Bar,Baz,75,3850,1425,Foo,Bar,Baz
474,42,68,2051,Foo,Bar,Baz,42,4391,3242,Foo,Bar,Baz
475,30,7,670,Foo,Bar,Baz,60,4159,4712,Foo,Bar,Baz
476,42,199,16,Foo,Bar,Baz,93,2214,4056,Foo,Bar,Baz
477,67,104,1700,Foo,Bar,Baz,22,1612,3899,Foo,Bar,Baz
478,27,178,284,Foo,Bar,Baz,51,3761,144,Foo,Bar,Baz
479,10,184,1671,Foo,Bar,Baz,89,1283,4975,Foo,Bar,Baz
480,53,36,2990,Foo,Bar,Baz,95,1638,135,Foo,Bar,Baz
481,77,26,2035,Foo,Bar,Baz,52,4030,4782,Foo,Bar,Baz
482,63,25,2469,Foo,Bar,Baz,100,4805,4290,Foo,Bar,Baz
483,41,159,2303,Foo,Bar,Baz,34,1495,3043,Foo,Bar,Baz
484,52,74,719,Foo,Bar,Baz,39,2569,5455,Foo,Bar,Baz
485,28,198,2645,Foo,Bar,Baz,15,915,3919,Foo,Bar,Baz
486,9,8,1217,Foo,Bar,Baz,49,3675,836,Foo,Bar,Baz
487,52,174,2328,Foo,Bar,Baz,5,833,4309,Foo,Bar,Baz
488,58,67,2638,Foo,Bar,Baz,23,2561,2517,Foo,Bar,Baz
489,27,145,1105,Foo,Bar,Baz,13,3694,546,Foo,Bar,Baz
490,73,150,964,Foo,Bar,Baz,44,1483,190,Foo,Bar,Baz
491,37,148,1528,Foo,Bar,Baz,29,1172,599,Foo,Bar,Baz
492,83,115,2273,Foo,Bar,Baz,89,4335,5217,Foo,Bar,Baz
493,86,189,701,Foo,Bar,Baz,24,150,5298,Foo,Bar,Baz
494,40,71,1058,Foo,Bar,Baz,48,4603,5712,Foo,Bar,Baz
495,44,50,1570,Foo,Bar,Baz,76,3716,1804,Foo,Bar,Baz
496,37,176,599,Foo,Bar,Baz,90,1571,5609,Foo,Bar,Baz
497,93,134,2311,Foo,Bar,Baz,92,2766,887,Foo,Bar,Baz
498,48,37,1847,Foo,Bar,Baz,98,649,4444,Foo,Bar,Baz
499,52,141,1287,Foo,Bar,Baz,93,633,890,Foo,Bar,Baz
500,77,70,2607,Foo,Bar,Baz,15,470,5760,Foo,Bar,Baz
501,100,62,674,Foo,Bar,Baz,71,272,4072,Foo,Bar,Baz
502,57,110,2804,Foo,Bar,Baz,33,2296,5290,Foo,Bar,Baz
503,79,59,1594,Foo,Bar,Baz,68,2200,68,Foo,Bar,Baz
504,23,8,2468,Foo,Bar,Baz,45,4123,5497,Foo,Bar,Baz
505,100,178,1855,Foo,Bar,Baz,76,1686,2531,Foo,Bar,Baz
506,9,66,2264,Foo,Bar,Baz,28,1358,4780,Foo,Bar,Baz
507,65,7,2485,Foo,Bar,Baz,37,1336,3553,Foo,Bar,Baz
508,67,81,555,Foo,Bar,Baz,98,3298,429,Foo,Bar,Baz
509,36,44,2548,Foo,Bar,Baz,79,118,4924,Foo,Bar,Baz
510,75,192,1155,Foo,Bar,Baz,26,2619,2528,Foo,Bar,Baz
511,20,118,545,Foo,Bar,Baz,93,4937,565,Foo,Bar,Baz
512,13,70,1583,Foo,Bar,Baz,30,4148,3706,Foo,Bar,Baz
513,37,16,623,Foo,Bar,Baz,25,2424,817,Foo,Bar,Baz
514,62,76,2848,Foo,Bar,Baz,27,1431,3609,Foo,Bar,Baz
515,66,145,2302,Foo,Bar,Baz,70,1716,3161,Foo,Bar,Baz
516,66,14,267,Foo,Bar,Baz,41,3340,4737,Foo,Bar,Baz
517,71,84,1065,Foo,Bar,Baz,76,105,4446,Foo,Bar,Baz
518,17,118,1630,Foo,Bar,Baz,75,2549,1469,Foo,Bar,Baz
519,23,81,2906,Foo,Bar,Baz,64,900,1253,Foo,Bar,Baz
520,98,29,2170,Foo,Bar,Baz,90,3800,4992,Foo,Bar,Baz
521,91,68,2594,Foo,Bar,Baz,19,4033,1660,Foo,Bar,Baz
522,61,29,1434,Foo,Bar,Baz,94,2073,1853,Foo,Bar,Baz
523,80,144,1443,Foo,Bar,Baz,79,3135,4208,Foo,Bar,Baz
524,76,56,295,Foo,Bar,Baz,43,4184,957,Foo,Bar,Baz
525,0,100,2492,Foo,Bar,Baz,41,1675,1564,Foo,Bar,Baz
526,24,194,13,Foo,Bar,Baz,54,1850,11,Foo,Bar,Baz
527,12,32,895,Foo,Bar,Baz,33,754,565,Foo,Bar,Baz
528,94,34,1802,Foo,Bar,Baz,33,4441,2452,Foo,Bar,Baz
529,73,30,1860,Foo,Bar,Baz,52,2499,4455,Foo,Bar,Baz
530,64,174,2182,Foo,Bar,Baz,26,1388,1456,Foo,Bar,Baz
531,70,105,1409,Foo,Bar,Baz,48,4912,2211,Foo,Bar,Baz
532,72,93,2534,Foo,Bar,Baz,22,2772,2527,Foo,Bar,Baz
533,21,83,1986,Foo,Bar,Baz,59,3684,745,Foo,Bar,Baz
534,48,164,3,Foo,Bar,Baz,16,2111,2279,Foo,Bar,Baz
535,96,101,2002,Foo,Bar,Baz,67,1895,2024,Foo,Bar,Baz
536,21,61,840,Foo,Bar,Baz,35,369,3276,Foo,Bar,Baz
537,57,30,2267,Foo,Bar,Baz,44,3469,1059,Foo,Bar,Baz
538,60,109,1487,Foo,Bar,Baz,4,3231,5577,Foo,Bar,Baz
539,88,143,1396,Foo,Bar,Baz,33,3668,3706,Foo,Bar,Baz
540,94,74,1815,Foo,Bar,Baz,23,3588,5984,Foo,Bar,Baz
541,34,100,2642,Foo,Bar,Baz,31,850,2105,Foo,Bar,Baz
542,7,61,1941,Foo,Bar,Baz,25,3604,4272,Foo,Bar,Baz
543,7,145,398,Foo,Bar,Baz,54,2735,3690,Foo,Bar,Baz
544,72,116,265,Foo,Bar,Baz,56,3275,2923,Foo,Bar,Baz
545,69,137,1788,Foo,Bar,Baz,52,35,1880,Foo,Bar,Baz
546,73,89,2700,Foo,Bar,Baz,23,4452,850,Foo,Bar,Baz
547,37,131,533,Foo,Bar,Baz,98,1614,1659,Foo,Bar,Baz
548,40,21,2853,Foo,Bar,Baz,28,141,325,Foo,Bar,Baz
549,90,6,1330,Foo,Bar,Baz,99,2001,2320,Foo,Bar,Baz
550,61,11,439,Foo,Bar,Baz,61,2515,2913,Foo,Bar,Baz
551,38,51,2023,Foo,Bar,Baz,17,3941,5317,Foo,Bar,Baz
552,81,74,923,Foo,Bar,Baz,17,1034,3980,Foo,Bar,Baz
553,21,40,1873,Foo,Bar,Baz,54,4588,4766,Foo,Bar,Baz
554,17,195,466,Foo,Bar,Baz,96,2075,3525,Foo,Bar,Baz
555,56,131,1218,Foo,Bar,Baz,61,218,4937,Foo,Bar,Baz
556,21,141,1364,Foo,Bar,Baz,96,1263,330,Foo,Bar,Baz
557,42,188,479,Foo,Bar,Baz,50,3926,3536,Foo,Bar,Baz
558,69,164,2114,Foo,Bar,Baz,94,972,5502,Foo,Bar,Baz
559,14,175,166,Foo,Bar,Baz,28,704,2782,Foo,Bar,Baz
560,14,18,2339,Foo,Bar,Baz,2,1425,1991,Foo,Bar,Baz
561,33,137,1295,Foo,Bar,Baz,19,2360,958,Foo,Bar,Baz
562,85,79,1575,Foo,Bar,Baz,77,615,4994,Foo,Bar,Baz
563,87,111,1873,Foo,Bar,Baz,24,4197,4518,Foo,Bar,Baz
564,54,20,280,Foo,Bar,Baz,79,1043,1704,Foo,Bar,Baz
565,32,43,1578,Foo,Bar,Baz,93,2727,1273,Foo,Bar,Baz
566,82,12,875,Foo,Bar,Baz,91,1091,542,Foo,Bar,Baz
567,76,82,1121,Foo,Bar,Baz,13,1413,4981,Foo,Bar,Baz
568,90,73,845,Foo,Bar,Baz,36,1195,2332,Foo,Bar,Baz
569,41,122,2362,Foo,Bar,Baz,96,4323,118,Foo,Bar,Baz
570,63,25,2517,Foo,Bar,Baz,46,81,2687,Foo,Bar,Baz
571,84,147,2661,Foo,Bar,Baz,59,4783,2316,Foo,Bar,Baz
572,76,21,2004,Foo,Bar,Baz,26,173,2224,Foo,Bar,Baz
573,71,86,1457,Foo,Bar,Baz,72,3685,958,Foo,Bar,Baz
574,91,91,58,Foo,Bar,Baz,12,2518,5,Foo,Bar,Baz
575,47,138,2269,Foo,Bar,Baz,83,3448,5147,Foo,Bar,Baz
576,39,23,245,Foo,Bar,Baz,23,3720,2839,Foo,Bar,Baz
577,63,181,2759,Foo,Bar,Baz,36,1970,856,Foo,Bar,Baz
578,84,68,2803,Foo,Bar,Baz,80,62,806,Foo,Bar,Baz
579,79,45,97,Foo,Bar,Baz,52,3862,3164,Foo,Bar,Baz
580,53,188,1088,Foo,Bar,Baz,34,3971,3176,Foo,Bar,Baz
581,44,79,241,Foo,Bar,Baz,40,2577,3719,Foo,Bar,Baz
582,17,96,2121,Foo,Bar,Baz,69,2802,2481,Foo,Bar,Baz
583,33,62,2012,Foo,Bar,Baz,52,5,1155,Foo,Bar,Baz
584,65,120,2114,Foo,Bar,Baz,95,2164,2485,Foo,Bar,Baz
585,35,90,2587,Foo,Bar,Baz,65,4878,6,Foo,Bar,Baz
586,90,193,230,Foo,Bar,Baz,12,223,91,Foo,Bar,Baz
587,87,60,478,Foo,Bar,Baz,91,3428,2816,Foo,Bar,Baz
588,77,78,65,Foo,Bar,Baz,15,3803,3543,Foo,Bar,Baz
589,58,157,2344,Foo,Bar,Baz,5,1195,5594,Foo,Bar,Baz
590,1,35,644,Foo,Bar,Baz,18,4132,5598,Foo,Bar,Baz
591,92,97,2405,Foo,Bar,Baz,17,227,5534,Foo,Bar,Baz
592,92,94,638,Foo,Bar,Baz,25,3556,552,Foo,Bar,Baz
593,86,114,2220,Foo,Bar,Baz,96,4748,4591,Foo,Bar,Baz
594,78,8,1278,Foo,Bar,Baz,42,4425,4052,Foo,Bar,Baz
595,46,114,919,Foo,Bar,Baz,4,4600,2256,Foo,Bar,Baz
596,18,157,798,Foo,Bar,Baz,88,2474,5864,Foo,Bar,Baz
597,60,21,2153,Foo,Bar,Baz,32,516,4594,Foo,Bar,Baz
598,21,197,2040,Foo,Bar,Baz,17,1013,1236,Foo,Bar,Baz
599,8,30,1643,Foo,Bar,Baz,23,3670,2196,Foo,Bar,Baz
600,0,143,1514,Foo,Bar,Baz,27,4840,4713,Foo,Bar,Baz
601,84,21,1556,Foo,Bar,Baz,64,1094,3923,Foo,Bar,Baz
602,93,177,1304,Foo,Bar,Baz,83,3453,4512,Foo,Bar,Baz
603,76,164,518,Foo,Bar,Baz,54,12,936,Foo,Bar,Baz
604,55,107,12,Foo,Bar,Baz,36,4779,4882,Foo,Bar,Baz
605,83,68,1363,Foo,Bar,Baz,95,970,4518,Foo,Bar,Baz
606,23,102,2788,Foo,Bar,Baz,36,3461,83,Foo,Bar,Baz
607,94,131,257,Foo,Bar,Baz,59,3499,1720,Foo,Bar,Baz
608,46,48,1122,Foo,Bar,Baz,31,2941,5374,Foo,Bar,Baz
609,6,170,2590,Foo,Bar,Baz,15,3523,889,Foo,Bar,Baz
610,73,176,355,Foo,Bar,Baz,10,2360,4885,Foo,Bar,Baz
611,99,35,2210,Foo,Bar,Baz,65,1912,2549,Foo,Bar,Baz
612,51,49,2832,Foo,Bar,Baz,56,1099,4609,Foo,Bar,Baz
613,90,71,2477,Foo,Bar,Baz,80,162,1366,Foo,Bar,Baz
614,32,97,1222,Foo,Bar,Baz,17,1917,3704,Foo,Bar,Baz
615,16,170,1946,Foo,Bar,Baz,51,3264,1094,Foo,Bar,Baz
616,24,162,2063,Foo,Bar,Baz,45,39,1372,Foo,Bar,Baz
617,21,90,1452,Foo,Bar,Baz,29,2140,3796,Foo,Bar,Baz
618,3,30,2424,Foo,Bar,Baz,41,1691,3910,Foo,Bar,Baz
619,1,40,2129,Foo,Bar,Baz,61,3843,4915,Foo,Bar,Baz
620,80,47,795,Foo,Bar,Baz,35,3336,3389,Foo,Bar,Baz
621,5,65,68,Foo,Bar,Baz,60,823,3508,Foo,Bar,Baz
622,93,138,1534,Foo,Bar,Baz,79,4071,4448,Foo,Bar,Baz
623,71,141,1434,Foo,Bar,Baz,61,1892,3942,Foo,Bar,Baz
624,92,180,2289,Foo,Bar,Baz,55,571,2099,Foo,Bar,Baz
625,71,146,2812,Foo,Bar,Baz,20,3496,2500,Foo,Bar,Baz
626,17,55,2353,Foo,Bar,Baz,65,1491,197,Foo,Bar,Baz
627,10,137,86,Foo,Bar,Baz,42,3045,1963,Foo,Bar,Baz
628,30,167,1964,Foo,Bar,Baz,53,4012,1094,Foo,Bar,Baz
629,38,51,1392,Foo,Bar,Baz,82,2505,1433,Foo,Bar,Baz
630,18,167,1730,Foo,Bar,Baz,66,1714,4159,Foo,Bar,Baz
631,31,109,478,Foo,Bar,Baz,80,3852,5807,Foo,Bar,Baz
632,22,72,2949,Foo,Bar,Baz,46,3599,5357,Foo,Bar,Baz
633,10,144,33,Foo,Bar,Baz,48,166,2671,Foo,Bar,Baz
634,7,73,996,Foo,Bar,Baz,34,3865,743,Foo,Bar,Baz
635,77,180,2961,Foo,Bar,Baz,83,3378,4238,Foo,Bar,Baz
636,94,11,1397,Foo,Bar,Baz,43,1137,1188,Foo,Bar,Baz
637,30,176,783,Foo,Bar,Baz,70,2325,826,Foo,Bar,Baz
638,71,110,218,Foo,Bar,Baz,41,1876,5959,Foo,Bar,Baz
639,39,60,2519,Foo,Bar,Baz,74,4078,562,Foo,Bar,Baz
640,37,146,373,Foo,Bar,Baz,86,847,1716,Foo,Bar,Baz
641,44,85,574,Foo,Bar,Baz,52,4237,4843,Foo,Bar,Baz
642,38,96,1728,Foo,Bar,Baz,39,989,3111,Foo,Bar,Baz
643,88,196,204,Foo,Bar,Baz,41,1947,325,Foo,Bar,Baz
644,33,157,50,Foo,Bar,Baz,32,4400,208,Foo,Bar,Baz
645,70,194,2951,Foo,Bar,Baz,56,2907,815,Foo,Bar,Baz
646,4,165,2150,Foo,Bar,Baz,93,210,1419,Foo,Bar,Baz
647,58,119,2114,Foo,Bar,Baz,78,4439,1581,Foo,Bar,Baz
648,92,83,1402,Foo,Bar,Baz,85,46,4612,Foo,Bar,Baz
649,8,196,1574,Foo,Bar,Baz,33,1902,5329,Foo,Bar,Baz
650,60,159,1242,Foo,Bar,Baz,38,3282,495,Foo,Bar,Baz
651,72,131,2198,Foo,Bar,Baz,20,3383,2001,Foo,Bar,Baz
652,13,60,1643,Foo,Bar,Baz,94,2726,2837,Foo,Bar,Baz
653,52,97,2777,Foo,Bar,Baz,17,2352,4944,Foo,Bar,Baz
654,43,71,631,Foo,Bar,Baz,81,275,5943,Foo,Bar,Baz
655,4,39,931,Foo,Bar,Baz,49,3297,4936,Foo,Bar,Baz
656,22,42,2588,Foo,Bar,Baz,37,848,1443,Foo,Bar,Baz
657,60,126,2985,Foo,Bar,Baz,45,1767,139,Foo,Bar,Baz
658,14,177,1017,Foo,Bar,Baz,91,1341,898,Foo,Bar,Baz
659,53,9,1551,Foo,Bar,Baz,90,4861,2537,Foo,Bar,Baz
660,98,178,1376,Foo,Bar,Baz,27,4272,1573,Foo,Bar,Baz
661,33,143,2747,Foo,Bar,Baz,57,3056,5058,Foo,Bar,Baz
662,84,119,2030,Foo,Bar,Baz,70,3712,2344,Foo,Bar,Baz
663,20,50,1324,Foo,Bar,Baz,74,2870,929,Foo,Bar,Baz
664,44,86,2781,Foo,Bar,Baz,4,3223,1728,Foo,Bar,Baz
665,91,193,25,Foo,Bar,Baz,3,2576,3087,Foo,Bar,Baz
666,97,29,1285,Foo,Bar,Baz,56,1247,5168,Foo,Bar,Baz
667,37,98,1177,Foo,Bar,Baz,47,4360,2917,Foo,Bar,Baz
668,20,168,809,Foo,Bar,Baz,74,4901,3914,Foo,Bar,Baz
669,67,140,1504,Foo,Bar,Baz,98,3124,5126,Foo,Bar,Baz
670,76,158,695,Foo,Bar,Baz,21,3438,3480,Foo,Bar,Baz
671,57,113,1182,Foo,Bar,Baz,59,748,5631,Foo,Bar,Baz
672,10,25,2079,Foo,Bar,Baz,50,2361,3969,Foo,Bar,Baz
673,14,54,2424,Foo,Bar,Baz,60,4428,591,Foo,Bar,Baz
674,45,109,1387,Foo,Bar,Baz,0,2695,5956,Foo,Bar,Baz
675,44,182,2130,Foo,Bar,Baz,82,1760,4177,Foo,Bar,Baz
676,85,47,2374,Foo,Bar,Baz,15,2334,1407,Foo,Bar,Baz
677,50,73,537,Foo,Bar,Baz,93,2906,1374,Foo,Bar,Baz
678,2,100,1243,Foo,Bar,Baz,60,1199,5758,Foo,Bar,Baz
679,76,130,776,Foo,Bar,Baz,100,2381,18,Foo,Bar,Baz
680,58,68,2112,Foo,Bar,Baz,26,4809,703,Foo,Bar,Baz
681,62,59,2486,Foo,Bar,Baz,99,4481,253,Foo,Bar,Baz
682,47,61,2974,Foo,Bar,Baz,20,764,2019,Foo,Bar,Baz
683,71,129,754,Foo,Bar,Baz,19,2534,3540,Foo,Bar,Baz
684,14,156,2262,Foo,Bar,Baz,15,1833,5197,Foo,Bar,Baz
685,91,132,605,Foo,Bar,Baz,0,1039,1962,Foo,Bar,Baz
686,76,169,1686,Foo,Bar,Baz,68,830,2475,Foo,Bar,Baz
687,36,199,1849,Foo,Bar,Baz,52,2681,640,Foo,Bar,Baz
688,50,58,589,Foo,Bar,Baz,45,2806,2101,Foo,Bar,Baz
689,91,145,2704,Foo,Bar,Baz,59,2172,3374,Foo,Bar,Baz
690,89,7,400,Foo,Bar,Baz,42,2541,3178,Foo,Bar,Baz
691,48,35,1966,Foo,Bar,Baz,72,2077,3675,Foo,Bar,Baz
692,23,88,2451,Foo,Bar,Baz,15,227,2431,Foo,Bar,Baz
693,73,126,2430,Foo,Bar,Baz,12,1252,5523,Foo,Bar,Baz
694,68,86,290,Foo,Bar,Baz,45,4948,4605,Foo,Bar,Baz
695,67,175,2231,Foo,Bar,Baz,20,3450,4160,Foo,Bar,Baz
696,63,119,2456,Foo,Bar,Baz,15,3829,2609,Foo,Bar,Baz
697,64,116,1576,Foo,Bar,Baz,0,1194,3772,Foo,Bar,Baz
698,4,73,408,Foo,Bar,Baz,67,2810,1077,Foo,Bar,Baz
699,84,86,265,Foo,Bar,Baz,89,3730,523,Foo,Bar,Baz
700,31,55,79,Foo,Bar,Baz,99,4319,2898,Foo,Bar,Baz
701,81,30,1103,Foo,Bar,Baz,88,1248,4558,Foo,Bar,Baz
702,40,200,1448,Foo,Bar,Baz,47,4478,153,Foo,Bar,Baz
703,42,80,2159,Foo,Bar,Baz,48,1679,866,Foo,Bar,Baz
704,95,84,527,Foo,Bar,Baz,47,675,5149,Foo,Bar,Baz
705,86,108,2835,Foo,Bar,Baz,48,2173,108,Foo,Bar,Baz
706,87,61,1288,Foo,Bar,Baz,29,3439,5044,Foo,Bar,Baz
707,79,132,2902,Foo,Bar,Baz,63,3010,555,Foo,Bar,Baz
708,35,182,372,Foo,Bar,Baz,40,79,1483,Foo,Bar,Baz
709,89,162,2532,Foo,Bar,Baz,90,4639,4802,Foo,Bar,Baz
710,55,62,677,Foo,Bar,Baz,63,390,573,Foo,Bar,Baz
711,93,50,2485,Foo,Bar,Baz,66,4888,2186,Foo,Bar,Baz
712,51,21,2017,Foo,Bar,Baz,88,4119,5055,Foo,Bar,Baz
713,2,123,650,Foo,Bar,Baz,83,1154,2593,Foo,Bar,Baz
714,64,180,239,Foo,Bar,Baz,86,2422,5726,Foo,Bar,Baz
715,65,178,1279,Foo,Bar,Baz,2,951,4252,Foo,Bar,Baz
716,93,54,1256,Foo,Bar,Baz,83,2194,4555,Foo,Bar,Baz
717,40,148,1925,Foo,Bar,Baz,53,3252,2201,Foo,Bar,Baz
718,1,176,128,Foo,Bar,Baz,55,3633,4893,Foo,Bar,Baz
719,42,113,1845,Foo,Bar,Baz,27,5000,656,Foo,Bar,Baz
720,30,93,1628,Foo,Bar,Baz,12,424,5576,Foo,Bar,Baz
721,91,183,528,Foo,Bar,Baz,97,1173,2070,Foo,Bar,Baz
722,90,149,810,Foo,Bar,Baz,100,2077,4331,Foo,Bar,Baz
723,54,181,1078,Foo,Bar,Baz,28,651,2007,Foo,Bar,Baz
724,63,109,2959,Foo,Bar,Baz,8,2426,1592,Foo,Bar,Baz
725,58,34,1100,Foo,Bar,Baz,45,2024,2935,Foo,Bar,Baz
726,21,156,309,Foo,Bar,Baz,48,4102,167,Foo,Bar,Baz
727,25,28,2415,Foo,Bar,Baz,24,1255,4202,Foo,Bar,Baz
728,21,150,2676,Foo,Bar,Baz,46,3218,707,Foo,Bar,Baz
729,25,28,717,Foo,Bar,Baz,15,1912,1244,Foo,Bar,Baz
730,8,114,2680,Foo,Bar,Baz,13,4985,4725,Foo,Bar,Baz
731,53,4,2756,Foo,Bar,Baz,44,2537,3605,Foo,Bar,Baz
732,5,59,1821,Foo,Bar,Baz,3,3160,5802,Foo,Bar,Baz
733,49,114,1127,Foo,Bar,Baz,61,4462,4879,Foo,Bar,Baz
734,96,85,1915,Foo,Bar,Baz,92,4216,4472,Foo,Bar,Baz
735,0,144,2348,Foo,Bar,Baz,50,3836,4951,Foo,Bar,Baz
736,34,22,962,Foo,Bar,Baz,8,1635,4987,Foo,Bar,Baz
737,82,147,202,Foo,Bar,Baz,21,2655,3515,Foo,Bar,Baz
738,79,75,2250,Foo,Bar,Baz,13,1845,5506,Foo,Bar,Baz
739,70,4,1334,Foo,Bar,Baz,48,1714,469,Foo,Bar,Baz
740,71,108,2734,Foo,Bar,Baz,10,2293,2317,Foo,Bar,Baz
741,33,137,2927,Foo,Bar,Baz,76,2236,79,Foo,Bar,Baz
742,63,54,818,Foo,Bar,Baz,14,1602,2656,Foo,Bar,Baz
743,21,130,1751,Foo,Bar,Baz,99,1412,1371,Foo,Bar,Baz
744,36,59,577,Foo,Bar,Baz,58,3391,2673,Foo,Bar,Baz
745,26,33,1057,Foo,Bar,Baz,100,4024,2382,Foo,Bar,Baz
746,86,107,30,Foo,Bar,Baz,0,2364,5624,Foo,Bar,Baz
747,28,114,1833,Foo,Bar,Baz,40,584,1228,Foo,Bar,Baz
748,66,182,2983,Foo,Bar,Baz,53,2275,4584,Foo,Bar,Baz
749,87,82,158,Foo,Bar,Baz,56,996,4516,Foo,Bar,Baz
750,71,26,677,Foo,Bar,Baz,68,583,1884,Foo,Bar,Baz
751,97,74,1611,Foo,Bar,Baz,65,2700,4159,Foo,Bar,Baz
752,78,65,687,Foo,Bar,Baz,53,2170,585,Foo,Bar,Baz
753,60,175,1488,Foo,Bar,Baz,68,2660,215,Foo,Bar,Baz
754,50,55,2689,Foo,Bar,Baz,93,3352,165,Foo,Bar,Baz
755,40,175,646,Foo,Bar,Baz,62,4597,2178,Foo,Bar,Baz
756,18,9,2589,Foo,Bar,Baz,13,4685,3151,Foo,Bar,Baz
757,72,10,2999,Foo,Bar,Baz,41,2453,332,Foo,Bar,Baz
758,65,2,60,Foo,Bar,Baz,86,851,379,Foo,Bar,Baz
759,40,159,2265,Foo,Bar,Baz,59,2902,3858,Foo,Bar,Baz
760,97,39,715,Foo,Bar,Baz,56,4366,1577,Foo,Bar,Baz
761,74,117,2740,Foo,Bar,Baz,100,835,5105,Foo,Bar,Baz
762,93,164,2021,Foo,Bar,Baz,3,439,1463,Foo,Bar,Baz
763,2,98,2537,Foo,Bar,Baz,59,2526,1379,Foo,Bar,Baz
764,22,31,867,Foo,Bar,Baz,60,297,3984,Foo,Bar,Baz
765,88,48,935,Foo,Bar,Baz,96,4656,5936,Foo,Bar,Baz
766,2,42,1885,Foo,Bar,Baz,9,1361,329,Foo,Bar,Baz
767,57,53,1829,Foo,Bar,Baz,68,1932,2970,Foo,Bar,Baz
768,70,195,1138,Foo,Bar,Baz,16,2311,3450,Foo,Bar,Baz
769,82,117,1134,Foo,Bar,Baz,22,3206,5836,Foo,Bar,Baz
770,26,57,163,Foo,Bar,Baz,16,3647,3440,Foo,Bar,Baz
771,40,103,872,Foo,Bar,Baz,27,4604,5768,Foo,Bar,Baz
772,15,53,1060,Foo,Bar,Baz,98,442,5916,Foo,Bar,Baz
773,89,112,982,Foo,Bar,Baz,30,248,96,Foo,Bar,Baz
774,62,32,2624,Foo,Bar,Baz,25,1016,1138,Foo,Bar,Baz
775,51,113,1638,Foo,Bar,Baz,56,3833,2588,Foo,Bar,Baz
776,15,146,2040,Foo,Bar,Baz,29,4272,2478,Foo,Bar,Baz
777,48,140,2654,Foo,Bar,Baz,26,3380,761,Foo,Bar,Baz
778,79,26,470,Foo,Bar,Baz,97,4417,3817,Foo,Bar,Baz
779,82,127,2022,Foo,Bar,Baz,83,1547,1061,Foo,Bar,Baz
780,34,22,2812,Foo,Bar,Baz,82,4377,5278,Foo,Bar,Baz
781,49,53,1148,Foo,Bar,Baz,65,0,5701,Foo,Bar,Baz
782,50,54,1149,Foo,Bar,Baz,66,1,5702,Foo,Bar,Baz
